{"cameraMode":{"drawMode":0,"name":"Shaded","section":"Shading Mode"},"sceneLighting":true,"audioPlay":false,"sceneViewState":{"showFog":true,"showMaterialUpdate":true,"showSkybox":false,"showFlares":true,"showImageEffects":true,"showParticleSystems":true},"in2DMode":false,"pivot":{"x":1.581435203552246,"y":2.5655195713043215,"z":3.5072131156921388},"rotation":{"x":-0.12362582236528397,"y":0.7353169322013855,"z":-0.1395106315612793,"w":-0.6515899300575256},"size":12.02841567993164,"orthographic":true}