{"cameraMode":{"drawMode":0,"name":"Shaded","section":"Shading Mode"},"sceneLighting":false,"audioPlay":false,"sceneViewState":{"showFog":true,"showMaterialUpdate":true,"showSkybox":false,"showFlares":true,"showImageEffects":true,"showParticleSystems":true},"in2DMode":false,"pivot":{"x":-0.009540259838104248,"y":0.944790244102478,"z":0.5661692023277283},"rotation":{"x":-0.010243325494229794,"y":0.9786806702613831,"z":-0.05025496706366539,"w":-0.19909724593162538},"size":4.525552749633789,"orthographic":true}